0,-0.067974
1,-0.611815
2,-0.965706
3,-0.965706
4,-3.567774
5,-3.567774
6,-3.567774
7,-3.567774
8,-3.567774
9,-3.567774
10,-3.567774
11,-3.567774
12,-3.567774
13,-3.567774
14,-3.567774
15,-3.571047
16,-3.571047
17,-3.571047
18,-3.571047
19,-3.571047
20,-3.571047
21,-3.571047
22,-3.571047
23,-3.571047
24,-3.571047
25,-3.571047
26,-3.571047
27,-3.571047
28,-3.571047
29,-3.571047
30,-3.571047
31,-3.571047
32,-3.571047
33,-3.587296
34,-3.587296
35,-3.587296
36,-3.587296
37,-3.587296
38,-3.587296
39,-3.587296
40,-3.587296
41,-3.587296
42,-3.587296
43,-3.587296
44,-3.587296
45,-3.587296
46,-3.587296
47,-3.587296
48,-3.587296
49,-3.587296
0,-0.067974
1,-0.355129
2,-0.604797
3,-2.287476
4,-2.287476
5,-2.287476
6,-2.287476
7,-2.287476
8,-2.287476
9,-2.287476
10,-2.287476
11,-2.287476
12,-2.287476
13,-2.287476
14,-2.287476
15,-2.681049
16,-2.681049
17,-2.681049
18,-2.681049
19,-2.681049
20,-2.681049
21,-3.098427
22,-3.098427
23,-3.098427
24,-3.098427
25,-3.188459
26,-3.188459
27,-3.188459
28,-3.188459
29,-3.188459
30,-3.188459
31,-3.188459
32,-3.188459
33,-3.188459
34,-3.188459
35,-3.471391
36,-3.471391
37,-3.471391
38,-3.471391
39,-3.471391
40,-3.471391
41,-3.471391
42,-3.471391
43,-3.471391
44,-3.471391
45,-3.471391
46,-3.471391
47,-3.471391
48,-3.471391
49,-3.471391
0,-0.067974
1,-3.10535
2,-3.10535
3,-3.10535
4,-3.10535
5,-3.10535
6,-3.10535
7,-3.10535
8,-3.196881
9,-3.196881
10,-3.196881
11,-3.196881
12,-3.196881
13,-3.196881
14,-3.196881
15,-3.196881
16,-3.196881
17,-3.196881
18,-3.196881
19,-3.640384
20,-3.640384
21,-3.640384
22,-3.640384
23,-3.678994
24,-3.678994
25,-3.678994
26,-3.678994
27,-3.678994
28,-3.678994
29,-3.691213
30,-3.691213
31,-3.691213
32,-3.691213
33,-3.691213
34,-3.691213
35,-3.691213
36,-3.691213
37,-3.800981
38,-3.800981
39,-3.800981
40,-3.800981
41,-3.800981
42,-3.800981
43,-3.800981
44,-3.800981
45,-3.800981
46,-3.800981
47,-3.800981
48,-3.800981
49,-3.800981
0,-0.067974
1,-3.025885
2,-3.025885
3,-3.025885
4,-3.025885
5,-3.025885
6,-3.025885
7,-3.025885
8,-3.025885
9,-3.025885
10,-3.025885
11,-3.025885
12,-3.025885
13,-3.025885
14,-3.025885
15,-3.051349
16,-3.051349
17,-3.051349
18,-3.051349
19,-3.051349
20,-3.051349
21,-3.051349
22,-3.051349
23,-3.051349
24,-3.051349
25,-3.051349
26,-3.051349
27,-3.051349
28,-3.051349
29,-3.051349
30,-3.051349
31,-3.051349
32,-3.051349
33,-3.051349
34,-3.051349
35,-3.195079
36,-3.195079
37,-3.195079
38,-3.195079
39,-3.195079
40,-3.195079
41,-3.195079
42,-3.195079
43,-3.195079
44,-3.195079
45,-3.314015
46,-3.314015
47,-3.314015
48,-3.314015
49,-3.314015
0,-0.067974
1,-1.720406
2,-1.720406
3,-2.377888
4,-2.377888
5,-2.377888
6,-2.377888
7,-3.493094
8,-3.493094
9,-3.493094
10,-3.493094
11,-3.493094
12,-3.493094
13,-3.493094
14,-3.493094
15,-3.493094
16,-3.493094
17,-3.493094
18,-3.493094
19,-3.493094
20,-3.493094
21,-3.493094
22,-3.493094
23,-3.493094
24,-3.493094
25,-3.493094
26,-3.493094
27,-3.493094
28,-3.493094
29,-3.493094
30,-3.493094
31,-3.493094
32,-3.493094
33,-3.493094
34,-3.493094
35,-3.493094
36,-3.493094
37,-3.493094
38,-3.493094
39,-3.493094
40,-3.493094
41,-3.493094
42,-3.493094
43,-3.555718
44,-3.555718
45,-3.555718
46,-3.555718
47,-3.555718
48,-3.555718
49,-3.555718
0,-0.067974
1,-2.76792
2,-2.76792
3,-2.76792
4,-2.76792
5,-2.76792
6,-2.76792
7,-3.587902
8,-3.587902
9,-3.587902
10,-3.587902
11,-3.587902
12,-3.587902
13,-3.587902
14,-3.587902
15,-3.587902
16,-3.587902
17,-3.587902
18,-3.587902
19,-3.587902
20,-3.587902
21,-3.587902
22,-3.587902
23,-3.587902
24,-3.587902
25,-3.587902
26,-3.587902
27,-3.712911
28,-3.712911
29,-3.712911
30,-3.712911
31,-3.712911
32,-3.712911
33,-3.712911
34,-3.712911
35,-3.712911
36,-3.762984
37,-3.762984
38,-3.762984
39,-3.762984
40,-3.762984
41,-3.762984
42,-3.762984
43,-3.777647
44,-3.777647
45,-3.777647
46,-3.777647
47,-3.777647
48,-3.777647
49,-3.777647
0,-0.067974
1,-1.603561
2,-1.603561
3,-2.881798
4,-2.881798
5,-2.881798
6,-2.881798
7,-2.881798
8,-2.881798
9,-2.881798
10,-2.881798
11,-2.881798
12,-2.881798
13,-2.881798
14,-2.881798
15,-2.881798
16,-2.881798
17,-2.881798
18,-2.881798
19,-2.881798
20,-2.881798
21,-2.881798
22,-2.881798
23,-2.881798
24,-2.881798
25,-2.881798
26,-2.881798
27,-2.881798
28,-2.881798
29,-2.881798
30,-2.881798
31,-2.881798
32,-2.881798
33,-3.036989
34,-3.036989
35,-3.036989
36,-3.036989
37,-3.036989
38,-3.036989
39,-3.036989
40,-3.036989
41,-3.036989
42,-3.036989
43,-3.036989
44,-3.036989
45,-3.036989
46,-3.036989
47,-3.036989
48,-3.735904
49,-3.735904
0,-0.067974
1,-1.640854
2,-1.640854
3,-1.640854
4,-3.81644
5,-3.81644
6,-3.81644
7,-3.81644
8,-3.81644
9,-3.81644
10,-3.81644
11,-3.81644
12,-3.81644
13,-3.81644
14,-3.821721
15,-3.821721
16,-3.821721
17,-3.821721
18,-3.821721
19,-3.821721
20,-3.821721
21,-3.821721
22,-3.821721
23,-3.821721
24,-3.821721
25,-3.821721
26,-3.821721
27,-3.821721
28,-3.821721
29,-3.821721
30,-3.821721
31,-3.821721
32,-3.821721
33,-3.821721
34,-3.821721
35,-3.821721
36,-3.821721
37,-3.821721
38,-3.821721
39,-3.821721
40,-3.821721
41,-3.838676
42,-3.838676
43,-3.838676
44,-3.838676
45,-3.838676
46,-3.838676
47,-3.838676
48,-3.838676
49,-3.838676
0,-0.067974
1,-1.402349
2,-1.402349
3,-1.761958
4,-1.761958
5,-1.761958
6,-1.761958
7,-1.761958
8,-1.761958
9,-1.761958
10,-1.761958
11,-2.356895
12,-2.356895
13,-2.356895
14,-2.356895
15,-2.816085
16,-2.816085
17,-2.816085
18,-2.816085
19,-3.532001
20,-3.532001
21,-3.532001
22,-3.532001
23,-3.532001
24,-3.532001
25,-3.532001
26,-3.532001
27,-3.587478
28,-3.587478
29,-3.587478
30,-3.587478
31,-3.587478
32,-3.587478
33,-3.587478
34,-3.829861
35,-3.829861
36,-3.829861
37,-3.829861
38,-3.829861
39,-3.829861
40,-3.829861
41,-3.829861
42,-3.829861
43,-3.829861
44,-3.829861
45,-3.829861
46,-3.829861
47,-3.829861
48,-3.829861
49,-3.829861
0,-0.067974
1,-0.343178
2,-1.426523
3,-2.804689
4,-2.804689
5,-2.804689
6,-2.804689
7,-2.804689
8,-2.804689
9,-2.804689
10,-2.804689
11,-2.804689
12,-2.804689
13,-2.804689
14,-2.804689
15,-2.804689
16,-2.804689
17,-2.804689
18,-2.804689
19,-3.220504
20,-3.220504
21,-3.220504
22,-3.220504
23,-3.220504
24,-3.220504
25,-3.220504
26,-3.220504
27,-3.220504
28,-3.220504
29,-3.220504
30,-3.220504
31,-3.220504
32,-3.220504
33,-3.81391
34,-3.81391
35,-3.81391
36,-3.81391
37,-3.81391
38,-3.81391
39,-3.81391
40,-3.81391
41,-3.81391
42,-3.81391
43,-3.81391
44,-3.81391
45,-3.81391
46,-3.81391
47,-3.81391
48,-3.81391
49,-3.81391
0,-0.067974
1,-0.580542
2,-1.619176
3,-1.619176
4,-3.196693
5,-3.196693
6,-3.196693
7,-3.196693
8,-3.196693
9,-3.196693
10,-3.196693
11,-3.241302
12,-3.241302
13,-3.241302
14,-3.241302
15,-3.241302
16,-3.241302
17,-3.241302
18,-3.241302
19,-3.241302
20,-3.241302
21,-3.241302
22,-3.241302
23,-3.241302
24,-3.241302
25,-3.694122
26,-3.694122
27,-3.694122
28,-3.694122
29,-3.694122
30,-3.694122
31,-3.694122
32,-3.694122
33,-3.694122
34,-3.694122
35,-3.694122
36,-3.694122
37,-3.694122
38,-3.694122
39,-3.694122
40,-3.694122
41,-3.694122
42,-3.694122
43,-3.694122
44,-3.694122
45,-3.694122
46,-3.694122
47,-3.702989
48,-3.702989
49,-3.702989
0,-0.067974
1,-0.067974
2,-1.017959
3,-1.360284
4,-1.360284
5,-1.360284
6,-3.250967
7,-3.649859
8,-3.649859
9,-3.649859
10,-3.649859
11,-3.649859
12,-3.649859
13,-3.649859
14,-3.649859
15,-3.649859
16,-3.649859
17,-3.649859
18,-3.649859
19,-3.649859
20,-3.649859
21,-3.649859
22,-3.649859
23,-3.649859
24,-3.649859
25,-3.649859
26,-3.649859
27,-3.649859
28,-3.649859
29,-3.649859
30,-3.649859
31,-3.649859
32,-3.649859
33,-3.649859
34,-3.649859
35,-3.649859
36,-3.649859
37,-3.649859
38,-3.649859
39,-3.649859
40,-3.649859
41,-3.649859
42,-3.649859
43,-3.649859
44,-3.649859
45,-3.649859
46,-3.649859
47,-3.649859
48,-3.649859
49,-3.649859
0,-0.067974
1,-0.997265
2,-0.997265
3,-0.997265
4,-1.882492
5,-1.882492
6,-1.882492
7,-1.882492
8,-1.882492
9,-1.882492
10,-1.882492
11,-1.882492
12,-1.882492
13,-1.882492
14,-1.882492
15,-1.882492
16,-1.882492
17,-1.882492
18,-1.882492
19,-1.882492
20,-3.255493
21,-3.255493
22,-3.255493
23,-3.255493
24,-3.255493
25,-3.4831
26,-3.4831
27,-3.642602
28,-3.642602
29,-3.647017
30,-3.647017
31,-3.647017
32,-3.647017
33,-3.647017
34,-3.647017
35,-3.647017
36,-3.647017
37,-3.720734
38,-3.720734
39,-3.720734
40,-3.720734
41,-3.720734
42,-3.720734
43,-3.720734
44,-3.720734
45,-3.720734
46,-3.720734
47,-3.720734
48,-3.720734
49,-3.720734
0,-0.067974
1,-0.067974
2,-2.754351
3,-2.754351
4,-2.754351
5,-2.754351
6,-3.011101
7,-3.011101
8,-3.632648
9,-3.632648
10,-3.632648
11,-3.632648
12,-3.735029
13,-3.735029
14,-3.735029
15,-3.735029
16,-3.735029
17,-3.735029
18,-3.735029
19,-3.735029
20,-3.735029
21,-3.735029
22,-3.735029
23,-3.735029
24,-3.735029
25,-3.735029
26,-3.735029
27,-3.735029
28,-3.735029
29,-3.735029
30,-3.735029
31,-3.735029
32,-3.735029
33,-3.735029
34,-3.735029
35,-3.735029
36,-3.735029
37,-3.735029
38,-3.735029
39,-3.735029
40,-3.735029
41,-3.735029
42,-3.735029
43,-3.735029
44,-3.735029
45,-3.735029
46,-3.735029
47,-3.735029
48,-3.735029
49,-3.735029
0,-0.067974
1,-0.925645
2,-0.925645
3,-0.925645
4,-0.925645
5,-3.17671
6,-3.17671
7,-3.17671
8,-3.17671
9,-3.17671
10,-3.17671
11,-3.17671
12,-3.17671
13,-3.17671
14,-3.17671
15,-3.17671
16,-3.17671
17,-3.17671
18,-3.17671
19,-3.17671
20,-3.17671
21,-3.593935
22,-3.593935
23,-3.593935
24,-3.593935
25,-3.593935
26,-3.593935
27,-3.593935
28,-3.593935
29,-3.593935
30,-3.593935
31,-3.593935
32,-3.593935
33,-3.593935
34,-3.593935
35,-3.593935
36,-3.593935
37,-3.593935
38,-3.593935
39,-3.593935
40,-3.593935
41,-3.593935
42,-3.593935
43,-3.593935
44,-3.593935
45,-3.593935
46,-3.593935
47,-3.593935
48,-3.593935
49,-3.682722
0,-0.067974
1,-0.375592
2,-2.992366
3,-2.992366
4,-2.992366
5,-2.992366
6,-2.992366
7,-2.992366
8,-2.992366
9,-2.992366
10,-2.992366
11,-2.992366
12,-2.992366
13,-3.097338
14,-3.097338
15,-3.097338
16,-3.097338
17,-3.097338
18,-3.097338
19,-3.097338
20,-3.097338
21,-3.097338
22,-3.097338
23,-3.097338
24,-3.097338
25,-3.097338
26,-3.097338
27,-3.097338
28,-3.097338
29,-3.097338
30,-3.097338
31,-3.097338
32,-3.097338
33,-3.097338
34,-3.097338
35,-3.097338
36,-3.097338
37,-3.097338
38,-3.097338
39,-3.097338
40,-3.097338
41,-3.634417
42,-3.634417
43,-3.634417
44,-3.634417
45,-3.634417
46,-3.634417
47,-3.634417
48,-3.634417
49,-3.634417
0,-0.067974
1,-0.067974
2,-1.051908
3,-2.126754
4,-2.126754
5,-2.126754
6,-2.126754
7,-2.126754
8,-2.126754
9,-2.126754
10,-2.126754
11,-2.126754
12,-2.126754
13,-2.126754
14,-3.469101
15,-3.469101
16,-3.469101
17,-3.469101
18,-3.469101
19,-3.469101
20,-3.469101
21,-3.469101
22,-3.469101
23,-3.469101
24,-3.469101
25,-3.469101
26,-3.469101
27,-3.469101
28,-3.469101
29,-3.469101
30,-3.469101
31,-3.469101
32,-3.469101
33,-3.469101
34,-3.469101
35,-3.469101
36,-3.469101
37,-3.469101
38,-3.469101
39,-3.469101
40,-3.469101
41,-3.469101
42,-3.469101
43,-3.469101
44,-3.469101
45,-3.469101
46,-3.469101
47,-3.469101
48,-3.469101
49,-3.469101
0,-0.067974
1,-0.067974
2,-0.635496
3,-1.168467
4,-3.718882
5,-3.718882
6,-3.718882
7,-3.718882
8,-3.718882
9,-3.718882
10,-3.718882
11,-3.718882
12,-3.718882
13,-3.718882
14,-3.718882
15,-3.718882
16,-3.718882
17,-3.718882
18,-3.718882
19,-3.718882
20,-3.718882
21,-3.718882
22,-3.718882
23,-3.718882
24,-3.718882
25,-3.718882
26,-3.718882
27,-3.718882
28,-3.718882
29,-3.718882
30,-3.718882
31,-3.718882
32,-3.718882
33,-3.718882
34,-3.718882
35,-3.718882
36,-3.718882
37,-3.740331
38,-3.740331
39,-3.740331
40,-3.740331
41,-3.740331
42,-3.740331
43,-3.740331
44,-3.740331
45,-3.740331
46,-3.740331
47,-3.740331
48,-3.740331
49,-3.740331
0,-0.067974
1,-0.363528
2,-0.363528
3,-3.273258
4,-3.273258
5,-3.273258
6,-3.273258
7,-3.273258
8,-3.273258
9,-3.273258
10,-3.273258
11,-3.273258
12,-3.273258
13,-3.273258
14,-3.273258
15,-3.389665
16,-3.389665
17,-3.389665
18,-3.389665
19,-3.389665
20,-3.389665
21,-3.389665
22,-3.389665
23,-3.389665
24,-3.389665
25,-3.389665
26,-3.389665
27,-3.403344
28,-3.403344
29,-3.403344
30,-3.403344
31,-3.403344
32,-3.403344
33,-3.412997
34,-3.412997
35,-3.412997
36,-3.412997
37,-3.412997
38,-3.412997
39,-3.412997
40,-3.412997
41,-3.446285
42,-3.446285
43,-3.587583
44,-3.587583
45,-3.587583
46,-3.587583
47,-3.592827
48,-3.592827
49,-3.592827
0,-0.067974
1,-0.214773
2,-1.256617
3,-2.728207
4,-2.728207
5,-2.728207
6,-2.728207
7,-2.728207
8,-2.728207
9,-2.728207
10,-2.728207
11,-2.728207
12,-2.728207
13,-2.728207
14,-2.728207
15,-2.728207
16,-2.728207
17,-2.728207
18,-2.728207
19,-2.728207
20,-3.396423
21,-3.396423
22,-3.396423
23,-3.396423
24,-3.396423
25,-3.396423
26,-3.396423
27,-3.396423
28,-3.396423
29,-3.514612
30,-3.514612
31,-3.514612
32,-3.514612
33,-3.514612
34,-3.514612
35,-3.514612
36,-3.514612
37,-3.514612
38,-3.514612
39,-3.514612
40,-3.514612
41,-3.514612
42,-3.514612
43,-3.514612
44,-3.514612
45,-3.514612
46,-3.514612
47,-3.514612
48,-3.514612
49,-3.514612
0,-0.067974
1,-0.275131
2,-0.59561
3,-3.519144
4,-3.519144
5,-3.519144
6,-3.519144
7,-3.519144
8,-3.66558
9,-3.66558
10,-3.66558
11,-3.66558
12,-3.66558
13,-3.66558
14,-3.66558
15,-3.66558
16,-3.66558
17,-3.66558
18,-3.66558
19,-3.66558
20,-3.66558
21,-3.66558
22,-3.66558
23,-3.66558
24,-3.66558
25,-3.66558
26,-3.66558
27,-3.66558
28,-3.66558
29,-3.66558
30,-3.66558
31,-3.66558
32,-3.66558
33,-3.783083
34,-3.783083
35,-3.783083
36,-3.783083
37,-3.783083
38,-3.783083
39,-3.783083
40,-3.783083
41,-3.783083
42,-3.783083
43,-3.783083
44,-3.783083
45,-3.783083
46,-3.783083
47,-3.783083
48,-3.783083
49,-3.783083
0,-0.067974
1,-0.53463
2,-0.840457
3,-0.840457
4,-1.621153
5,-2.029427
6,-2.029427
7,-2.029427
8,-2.029427
9,-2.029427
10,-2.029427
11,-2.029427
12,-2.029427
13,-2.981831
14,-2.981831
15,-2.981831
16,-2.981831
17,-2.981831
18,-2.981831
19,-2.981831
20,-2.981831
21,-3.072704
22,-3.072704
23,-3.072704
24,-3.072704
25,-3.072704
26,-3.072704
27,-3.072704
28,-3.072704
29,-3.072704
30,-3.072704
31,-3.072704
32,-3.072704
33,-3.072704
34,-3.072704
35,-3.072704
36,-3.072704
37,-3.072704
38,-3.072704
39,-3.072704
40,-3.597296
41,-3.608574
42,-3.608574
43,-3.608574
44,-3.608574
45,-3.676326
46,-3.676326
47,-3.676326
48,-3.676326
49,-3.676326
0,-0.067974
1,-1.027585
2,-1.027585
3,-1.027585
4,-1.027585
5,-1.027585
6,-2.180212
7,-2.180212
8,-2.180212
9,-3.435938
10,-3.435938
11,-3.435938
12,-3.435938
13,-3.435938
14,-3.435938
15,-3.435938
16,-3.435938
17,-3.435938
18,-3.435938
19,-3.435938
20,-3.435938
21,-3.435938
22,-3.435938
23,-3.435938
24,-3.435938
25,-3.435938
26,-3.435938
27,-3.435938
28,-3.435938
29,-3.435938
30,-3.435938
31,-3.435938
32,-3.435938
33,-3.435938
34,-3.435938
35,-3.435938
36,-3.435938
37,-3.435938
38,-3.435938
39,-3.435938
40,-3.435938
41,-3.435938
42,-3.435938
43,-3.435938
44,-3.435938
45,-3.435938
46,-3.435938
47,-3.435938
48,-3.435938
49,-3.585198
0,-0.067974
1,-0.241412
2,-1.399846
3,-1.399846
4,-1.399846
5,-1.399846
6,-1.399846
7,-1.399846
8,-1.399846
9,-1.502757
10,-1.502757
11,-1.94856
12,-3.714749
13,-3.714749
14,-3.714749
15,-3.714749
16,-3.714749
17,-3.714749
18,-3.714749
19,-3.714749
20,-3.714749
21,-3.714749
22,-3.714749
23,-3.714749
24,-3.714749
25,-3.714749
26,-3.714749
27,-3.714749
28,-3.714749
29,-3.714749
30,-3.714749
31,-3.714749
32,-3.714749
33,-3.714749
34,-3.714749
35,-3.714749
36,-3.714749
37,-3.714749
38,-3.714749
39,-3.714749
40,-3.714749
41,-3.714749
42,-3.714749
43,-3.714749
44,-3.714749
45,-3.714749
46,-3.714749
47,-3.714749
48,-3.714749
49,-3.714749
0,-0.067974
1,-0.576723
2,-0.576723
3,-0.576723
4,-0.642091
5,-0.642091
6,-0.81134
7,-0.81134
8,-2.21758
9,-2.21758
10,-2.21758
11,-2.528587
12,-2.528587
13,-2.528587
14,-2.528587
15,-2.528587
16,-2.528587
17,-3.815148
18,-3.815148
19,-3.815148
20,-3.815148
21,-3.815148
22,-3.815148
23,-3.815148
24,-3.815148
25,-3.815148
26,-3.815148
27,-3.815148
28,-3.815148
29,-3.815148
30,-3.815148
31,-3.815148
32,-3.815148
33,-3.815148
34,-3.815148
35,-3.815148
36,-3.815148
37,-3.815148
38,-3.815148
39,-3.815148
40,-3.815148
41,-3.825393
42,-3.825393
43,-3.825393
44,-3.825393
45,-3.825393
46,-3.825393
47,-3.825393
48,-3.825393
49,-3.825393
0,-0.067974
1,-1.279835
2,-1.279835
3,-1.279835
4,-1.496891
5,-1.496891
6,-1.496891
7,-1.496891
8,-1.496891
9,-1.496891
10,-1.496891
11,-1.496891
12,-1.496891
13,-1.496891
14,-1.496891
15,-1.496891
16,-1.496891
17,-1.496891
18,-1.496891
19,-1.545506
20,-2.111644
21,-2.111644
22,-2.111644
23,-2.405146
24,-2.405146
25,-2.405146
26,-2.806886
27,-2.813498
28,-2.813498
29,-3.735043
30,-3.735043
31,-3.735043
32,-3.735043
33,-3.735043
34,-3.735043
35,-3.735043
36,-3.735043
37,-3.735043
38,-3.735043
39,-3.735043
40,-3.735043
41,-3.73837
42,-3.73837
43,-3.787312
44,-3.787312
45,-3.787312
46,-3.787312
47,-3.787312
48,-3.787312
49,-3.787312
0,-0.067974
1,-0.852292
2,-0.963815
3,-0.963815
4,-0.963815
5,-0.963815
6,-0.963815
7,-0.963815
8,-0.963815
9,-0.963815
10,-0.963815
11,-0.963815
12,-2.851644
13,-2.851644
14,-2.851644
15,-2.851644
16,-2.851644
17,-2.851644
18,-2.851644
19,-2.851644
20,-2.851644
21,-2.851644
22,-2.851644
23,-2.851644
24,-2.851644
25,-2.851644
26,-2.851644
27,-2.851644
28,-2.851644
29,-2.851644
30,-2.851644
31,-2.851644
32,-2.851644
33,-2.851644
34,-2.851644
35,-2.851644
36,-2.851644
37,-3.374229
38,-3.374229
39,-3.724316
40,-3.724316
41,-3.724316
42,-3.724316
43,-3.724316
44,-3.724316
45,-3.724316
46,-3.724316
47,-3.724316
48,-3.724316
49,-3.724316
0,-0.067974
1,-0.067974
2,-2.446486
3,-3.356711
4,-3.356711
5,-3.356711
6,-3.356711
7,-3.356711
8,-3.356711
9,-3.356711
10,-3.356711
11,-3.356711
12,-3.356711
13,-3.356711
14,-3.356711
15,-3.356711
16,-3.356711
17,-3.356711
18,-3.356711
19,-3.356711
20,-3.356711
21,-3.356711
22,-3.356711
23,-3.356711
24,-3.356711
25,-3.356711
26,-3.356711
27,-3.356711
28,-3.356711
29,-3.356711
30,-3.356711
31,-3.356711
32,-3.356711
33,-3.356711
34,-3.356711
35,-3.356711
36,-3.356711
37,-3.356711
38,-3.356711
39,-3.356711
40,-3.356711
41,-3.356711
42,-3.356711
43,-3.356711
44,-3.356711
45,-3.356711
46,-3.356711
47,-3.356711
48,-3.505249
49,-3.505249
0,-0.067974
1,-0.067974
2,-0.145024
3,-1.260749
4,-2.553884
5,-2.553884
6,-2.553884
7,-2.553884
8,-2.553884
9,-2.553884
10,-2.553884
11,-3.21447
12,-3.21447
13,-3.21447
14,-3.21447
15,-3.819104
16,-3.819104
17,-3.819104
18,-3.819104
19,-3.819104
20,-3.819104
21,-3.819104
22,-3.819104
23,-3.819104
24,-3.819104
25,-3.819104
26,-3.819104
27,-3.819104
28,-3.819104
29,-3.819104
30,-3.819104
31,-3.819104
32,-3.819104
33,-3.819104
34,-3.819104
35,-3.819104
36,-3.819104
37,-3.819104
38,-3.819104
39,-3.819104
40,-3.819104
41,-3.819104
42,-3.819104
43,-3.819104
44,-3.819104
45,-3.819104
46,-3.819104
47,-3.819104
48,-3.819104
49,-3.828527
0,-0.067974
1,-0.312233
2,-0.312233
3,-1.26002
4,-1.26002
5,-2.853309
6,-2.853309
7,-2.853309
8,-2.853309
9,-2.853309
10,-2.853309
11,-2.853309
12,-2.853309
13,-2.972668
14,-2.972668
15,-2.97995
16,-2.97995
17,-2.97995
18,-2.97995
19,-2.97995
20,-2.97995
21,-2.97995
22,-2.97995
23,-2.97995
24,-2.97995
25,-2.97995
26,-2.97995
27,-2.97995
28,-2.97995
29,-2.97995
30,-2.97995
31,-2.97995
32,-2.97995
33,-2.97995
34,-2.97995
35,-2.97995
36,-2.97995
37,-2.97995
38,-2.97995
39,-2.97995
40,-2.97995
41,-2.97995
42,-2.97995
43,-2.97995
44,-2.97995
45,-2.97995
46,-2.97995
47,-2.97995
48,-2.97995
49,-2.97995
0,-0.067974
1,-0.096836
2,-0.096836
3,-0.096836
4,-0.115353
5,-1.57307
6,-2.856359
7,-3.525294
8,-3.525294
9,-3.525294
10,-3.525294
11,-3.525294
12,-3.525294
13,-3.525294
14,-3.771622
15,-3.771622
16,-3.771622
17,-3.771622
18,-3.771622
19,-3.771622
20,-3.771622
21,-3.771622
22,-3.771622
23,-3.771622
24,-3.771622
25,-3.771622
26,-3.771622
27,-3.771622
28,-3.771622
29,-3.771622
30,-3.771622
31,-3.771622
32,-3.771622
33,-3.771622
34,-3.771622
35,-3.771622
36,-3.771622
37,-3.771622
38,-3.771622
39,-3.771622
40,-3.771622
41,-3.771622
42,-3.771622
43,-3.771622
44,-3.771622
45,-3.771622
46,-3.771622
47,-3.771622
48,-3.771622
49,-3.771622
0,-0.067974
1,-1.125526
2,-1.125526
3,-1.125526
4,-1.125526
5,-1.269102
6,-1.269102
7,-1.743847
8,-1.743847
9,-1.743847
10,-1.743847
11,-1.743847
12,-1.743847
13,-1.743847
14,-1.743847
15,-1.743847
16,-1.743847
17,-1.912979
18,-3.610123
19,-3.610123
20,-3.610123
21,-3.610123
22,-3.610123
23,-3.610123
24,-3.610123
25,-3.610123
26,-3.610123
27,-3.610123
28,-3.610123
29,-3.610123
30,-3.610123
31,-3.610123
32,-3.663609
33,-3.813557
34,-3.813557
35,-3.813557
36,-3.813557
37,-3.813557
38,-3.813557
39,-3.813557
40,-3.813557
41,-3.813557
42,-3.813557
43,-3.813557
44,-3.813557
45,-3.813557
46,-3.813557
47,-3.813557
48,-3.813557
49,-3.813557
0,-0.067974
1,-0.687949
2,-0.687949
3,-0.687949
4,-2.478915
5,-2.478915
6,-2.478915
7,-2.478915
8,-2.478915
9,-2.478915
10,-2.478915
11,-2.478915
12,-2.478915
13,-2.478915
14,-2.478915
15,-2.776037
16,-2.776037
17,-3.608377
18,-3.608377
19,-3.608377
20,-3.608377
21,-3.608377
22,-3.608377
23,-3.608377
24,-3.608377
25,-3.608377
26,-3.608377
27,-3.668404
28,-3.668404
29,-3.668404
30,-3.668404
31,-3.668404
32,-3.668404
33,-3.668404
34,-3.668404
35,-3.668404
36,-3.668404
37,-3.668404
38,-3.668404
39,-3.668404
40,-3.668404
41,-3.668404
42,-3.668404
43,-3.668404
44,-3.668404
45,-3.668404
46,-3.668404
47,-3.668404
48,-3.668404
49,-3.668404
0,-0.067974
1,-2.256933
2,-2.256933
3,-2.256933
4,-2.256933
5,-2.256933
6,-2.256933
7,-2.256933
8,-2.256933
9,-2.509023
10,-2.509023
11,-2.985406
12,-2.985406
13,-2.985406
14,-2.985406
15,-2.985406
16,-2.985406
17,-2.985406
18,-2.985406
19,-2.985406
20,-2.985406
21,-2.985406
22,-2.985406
23,-2.985406
24,-2.985406
25,-2.985406
26,-2.985406
27,-2.985406
28,-2.985406
29,-2.985406
30,-2.985406
31,-2.985406
32,-2.985406
33,-2.985406
34,-2.985406
35,-2.985406
36,-2.985406
37,-2.985406
38,-2.985406
39,-2.985406
40,-2.985406
41,-2.985406
42,-2.985406
43,-2.985406
44,-2.985406
45,-2.985406
46,-3.418981
47,-3.418981
48,-3.418981
49,-3.418981
0,-0.067974
1,-1.652838
2,-1.652838
3,-1.652838
4,-1.652838
5,-1.652838
6,-2.017652
7,-2.017652
8,-2.017652
9,-2.017652
10,-2.017652
11,-2.017652
12,-2.017652
13,-2.017652
14,-2.017652
15,-2.017652
16,-2.017652
17,-2.017652
18,-2.017652
19,-2.093505
20,-2.093505
21,-2.093505
22,-2.246569
23,-2.246569
24,-2.246569
25,-2.246569
26,-2.246569
27,-2.246569
28,-2.796967
29,-2.820825
30,-2.820825
31,-2.820825
32,-2.820825
33,-2.820825
34,-2.820825
35,-2.820825
36,-2.820825
37,-2.820825
38,-2.820825
39,-3.3316
40,-3.3316
41,-3.3316
42,-3.3316
43,-3.3316
44,-3.3316
45,-3.3316
46,-3.3316
47,-3.3316
48,-3.3316
49,-3.3316
0,-0.067974
1,-0.221167
2,-0.221167
3,-0.221167
4,-1.316873
5,-1.316873
6,-1.316873
7,-1.316873
8,-1.316873
9,-1.316873
10,-1.316873
11,-1.316873
12,-1.539422
13,-1.539422
14,-1.539422
15,-1.539422
16,-1.539422
17,-2.351101
18,-2.351101
19,-2.351101
20,-2.351101
21,-2.351101
22,-3.56263
23,-3.56263
24,-3.56263
25,-3.56263
26,-3.56263
27,-3.659834
28,-3.659834
29,-3.659834
30,-3.659834
31,-3.659834
32,-3.659834
33,-3.659834
34,-3.659834
35,-3.659834
36,-3.659834
37,-3.659834
38,-3.659834
39,-3.6618
40,-3.6618
41,-3.840912
42,-3.840912
43,-3.840912
44,-3.840912
45,-3.840912
46,-3.840912
47,-3.840912
48,-3.840912
49,-3.840912
0,-0.067974
1,-1.790212
2,-1.790212
3,-1.790212
4,-1.790212
5,-1.790212
6,-1.790212
7,-1.790212
8,-1.790212
9,-1.790212
10,-1.790212
11,-1.790212
12,-1.790212
13,-1.790212
14,-1.790212
15,-1.790212
16,-1.790212
17,-1.790212
18,-1.790212
19,-1.790212
20,-1.790212
21,-1.790212
22,-1.969305
23,-1.969305
24,-1.969305
25,-1.969305
26,-1.969305
27,-1.969305
28,-2.367158
29,-2.367158
30,-2.367158
31,-2.367158
32,-2.367158
33,-2.367158
34,-2.367158
35,-2.64906
36,-2.64906
37,-2.64906
38,-2.64906
39,-3.625897
40,-3.625897
41,-3.625897
42,-3.625897
43,-3.625897
44,-3.625897
45,-3.625897
46,-3.625897
47,-3.625897
48,-3.625897
49,-3.625897
0,-0.067974
1,-0.29247
2,-1.947764
3,-1.947764
4,-1.947764
5,-1.947764
6,-1.947764
7,-1.947764
8,-1.947764
9,-1.947764
10,-1.947764
11,-1.947764
12,-1.947764
13,-1.947764
14,-1.947764
15,-2.637966
16,-2.637966
17,-2.637966
18,-2.637966
19,-2.913789
20,-2.913789
21,-2.913789
22,-2.913789
23,-2.935608
24,-2.935608
25,-2.935608
26,-2.935608
27,-2.935608
28,-2.935608
29,-2.95954
30,-2.95954
31,-2.95954
32,-2.95954
33,-2.95954
34,-2.95954
35,-2.95954
36,-2.95954
37,-2.95954
38,-2.95954
39,-2.95954
40,-2.95954
41,-2.95954
42,-2.95954
43,-2.95954
44,-2.95954
45,-2.95954
46,-2.95954
47,-2.95954
48,-2.95954
49,-2.95954
0,-0.067974
1,-0.067974
2,-0.067974
3,-0.499373
4,-0.499373
5,-0.889603
6,-0.889603
7,-0.889603
8,-1.852383
9,-1.85566
10,-1.85566
11,-2.388036
12,-2.388036
13,-2.388036
14,-2.388036
15,-2.388036
16,-2.388036
17,-3.139834
18,-3.139834
19,-3.139834
20,-3.139834
21,-3.546433
22,-3.546433
23,-3.546433
24,-3.546433
25,-3.546433
26,-3.546433
27,-3.546433
28,-3.546433
29,-3.546433
30,-3.546433
31,-3.546433
32,-3.546433
33,-3.546433
34,-3.546433
35,-3.546433
36,-3.608301
37,-3.608301
38,-3.608301
39,-3.608301
40,-3.608301
41,-3.608301
42,-3.608301
43,-3.608301
44,-3.608301
45,-3.608301
46,-3.608301
47,-3.673928
48,-3.673928
49,-3.673928
0,-0.067974
1,-1.812646
2,-1.812646
3,-1.812646
4,-2.337488
5,-3.827782
6,-3.827782
7,-3.827782
8,-3.827782
9,-3.827782
10,-3.827782
11,-3.827782
12,-3.827782
13,-3.827782
14,-3.827782
15,-3.827782
16,-3.827782
17,-3.827782
18,-3.827782
19,-3.827782
20,-3.827782
21,-3.827782
22,-3.827782
23,-3.827782
24,-3.827782
25,-3.827782
26,-3.827782
27,-3.827782
28,-3.827782
29,-3.827782
30,-3.827782
31,-3.827782
32,-3.827782
33,-3.827782
34,-3.827782
35,-3.827782
36,-3.827782
37,-3.827782
38,-3.827782
39,-3.827782
40,-3.827782
41,-3.827782
42,-3.827782
43,-3.827782
44,-3.827782
45,-3.827782
46,-3.827782
47,-3.827782
48,-3.827782
49,-3.827782
0,-0.067974
1,-0.855782
2,-0.878631
3,-0.878631
4,-0.878631
5,-2.657659
6,-2.657659
7,-2.657659
8,-2.657659
9,-2.657659
10,-2.657659
11,-2.657659
12,-2.657659
13,-2.657659
14,-3.170887
15,-3.170887
16,-3.170887
17,-3.170887
18,-3.170887
19,-3.170887
20,-3.170887
21,-3.170887
22,-3.170887
23,-3.170887
24,-3.170887
25,-3.170887
26,-3.170887
27,-3.170887
28,-3.170887
29,-3.170887
30,-3.170887
31,-3.170887
32,-3.170887
33,-3.170887
34,-3.170887
35,-3.170887
36,-3.170887
37,-3.170887
38,-3.170887
39,-3.170887
40,-3.170887
41,-3.170887
42,-3.170887
43,-3.170887
44,-3.170887
45,-3.170887
46,-3.540799
47,-3.540799
48,-3.540799
49,-3.540799
0,-0.067974
1,-0.295574
2,-1.465916
3,-2.31298
4,-2.31298
5,-2.31298
6,-2.31298
7,-2.31298
8,-2.31298
9,-2.611827
10,-2.611827
11,-2.611827
12,-2.611827
13,-2.611827
14,-2.611827
15,-2.819494
16,-2.819494
17,-2.819494
18,-2.819494
19,-2.819494
20,-2.819494
21,-2.819494
22,-2.819494
23,-2.819494
24,-2.819494
25,-3.078568
26,-3.078568
27,-3.078568
28,-3.078568
29,-3.078568
30,-3.078568
31,-3.078568
32,-3.078568
33,-3.078568
34,-3.078568
35,-3.078568
36,-3.078568
37,-3.078568
38,-3.078568
39,-3.078568
40,-3.078568
41,-3.078568
42,-3.078568
43,-3.078568
44,-3.078568
45,-3.078568
46,-3.078568
47,-3.078568
48,-3.078568
49,-3.078568
0,-0.067974
1,-2.313427
2,-2.558895
3,-2.558895
4,-2.558895
5,-3.2315
6,-3.322362
7,-3.322362
8,-3.322362
9,-3.322362
10,-3.322362
11,-3.322362
12,-3.322362
13,-3.322362
14,-3.322362
15,-3.322362
16,-3.322362
17,-3.322362
18,-3.322362
19,-3.322362
20,-3.322362
21,-3.47741
22,-3.47741
23,-3.47741
24,-3.47741
25,-3.47741
26,-3.506938
27,-3.709484
28,-3.709484
29,-3.709484
30,-3.709484
31,-3.709484
32,-3.709484
33,-3.709484
34,-3.709484
35,-3.709484
36,-3.709484
37,-3.709484
38,-3.709484
39,-3.709484
40,-3.709484
41,-3.709484
42,-3.709484
43,-3.709484
44,-3.709484
45,-3.709484
46,-3.709484
47,-3.709484
48,-3.709484
49,-3.773457
0,-0.067974
1,-0.313796
2,-0.313796
3,-0.480167
4,-0.480167
5,-1.674257
6,-1.674257
7,-1.674257
8,-1.869778
9,-1.869778
10,-1.869778
11,-2.169405
12,-2.849407
13,-2.95437
14,-2.95437
15,-2.95437
16,-2.95437
17,-3.228782
18,-3.228782
19,-3.734937
20,-3.734937
21,-3.734937
22,-3.734937
23,-3.734937
24,-3.734937
25,-3.734937
26,-3.734937
27,-3.734937
28,-3.734937
29,-3.734937
30,-3.734937
31,-3.734937
32,-3.734937
33,-3.734937
34,-3.734937
35,-3.734937
36,-3.734937
37,-3.734937
38,-3.734937
39,-3.734937
40,-3.734937
41,-3.734937
42,-3.734937
43,-3.734937
44,-3.734937
45,-3.734937
46,-3.734937
47,-3.734937
48,-3.734937
49,-3.734937
0,-0.067974
1,-3.025245
2,-3.025245
3,-3.025245
4,-3.025245
5,-3.025245
6,-3.025245
7,-3.025245
8,-3.025245
9,-3.025245
10,-3.025245
11,-3.596269
12,-3.596269
13,-3.596269
14,-3.596269
15,-3.596269
16,-3.641733
17,-3.641733
18,-3.641733
19,-3.641733
20,-3.641733
21,-3.641733
22,-3.641733
23,-3.641733
24,-3.641733
25,-3.641733
26,-3.641733
27,-3.641733
28,-3.641733
29,-3.641733
30,-3.641733
31,-3.641733
32,-3.641733
33,-3.641733
34,-3.641733
35,-3.641733
36,-3.641733
37,-3.641733
38,-3.641733
39,-3.641733
40,-3.851336
41,-3.851336
42,-3.851336
43,-3.851336
44,-3.851336
45,-3.851336
46,-3.851336
47,-3.851336
48,-3.851336
49,-3.851336
0,-0.067974
1,-0.138144
2,-0.138144
3,-0.33939
4,-0.33939
5,-0.33939
6,-2.009428
7,-2.009428
8,-2.893509
9,-2.893509
10,-2.893509
11,-2.893509
12,-2.893509
13,-2.893509
14,-2.893509
15,-3.475793
16,-3.475793
17,-3.595879
18,-3.595879
19,-3.595879
20,-3.595879
21,-3.595879
22,-3.595879
23,-3.595879
24,-3.595879
25,-3.595879
26,-3.595879
27,-3.595879
28,-3.595879
29,-3.595879
30,-3.595879
31,-3.595879
32,-3.595879
33,-3.595879
34,-3.595879
35,-3.595879
36,-3.595879
37,-3.595879
38,-3.595879
39,-3.595879
40,-3.595879
41,-3.595879
42,-3.595879
43,-3.785143
44,-3.785143
45,-3.785143
46,-3.785143
47,-3.793396
48,-3.793396
49,-3.793396
0,-0.067974
1,-2.926518
2,-2.926518
3,-2.926518
4,-2.926518
5,-2.926518
6,-2.926518
7,-2.926518
8,-2.926518
9,-2.926518
10,-2.926518
11,-2.926518
12,-2.926518
13,-3.223741
14,-3.223741
15,-3.223741
16,-3.223741
17,-3.223741
18,-3.223741
19,-3.43988
20,-3.43988
21,-3.43988
22,-3.43988
23,-3.43988
24,-3.43988
25,-3.43988
26,-3.43988
27,-3.500165
28,-3.500165
29,-3.500165
30,-3.500165
31,-3.500165
32,-3.500165
33,-3.500165
34,-3.500165
35,-3.500165
36,-3.500165
37,-3.500165
38,-3.500165
39,-3.500165
40,-3.500165
41,-3.500165
42,-3.500165
43,-3.500165
44,-3.500165
45,-3.500165
46,-3.500165
47,-3.500165
48,-3.500165
49,-3.500165
0,-0.067974
1,-3.256027
2,-3.256027
3,-3.256027
4,-3.256027
5,-3.256027
6,-3.256027
7,-3.256027
8,-3.256027
9,-3.256027
10,-3.256027
11,-3.256027
12,-3.256027
13,-3.256027
14,-3.429022
15,-3.429022
16,-3.429022
17,-3.429022
18,-3.429022
19,-3.775311
20,-3.775311
21,-3.775311
22,-3.775311
23,-3.775311
24,-3.775311
25,-3.775311
26,-3.775311
27,-3.775311
28,-3.775311
29,-3.775311
30,-3.775311
31,-3.775311
32,-3.775311
33,-3.775311
34,-3.775311
35,-3.775311
36,-3.775439
37,-3.775439
38,-3.775439
39,-3.775439
40,-3.775439
41,-3.775439
42,-3.775439
43,-3.775439
44,-3.775439
45,-3.84214
46,-3.84214
47,-3.84214
48,-3.84214
49,-3.84214
0,-0.067974
1,-0.567711
2,-0.567711
3,-0.567711
4,-1.193084
5,-1.193084
6,-1.193084
7,-1.193084
8,-3.024962
9,-3.024962
10,-3.024962
11,-3.024962
12,-3.024962
13,-3.024962
14,-3.024962
15,-3.024962
16,-3.024962
17,-3.024962
18,-3.024962
19,-3.024962
20,-3.024962
21,-3.483547
22,-3.483547
23,-3.483547
24,-3.483547
25,-3.483547
26,-3.483547
27,-3.483547
28,-3.483547
29,-3.483547
30,-3.483547
31,-3.483547
32,-3.483547
33,-3.483547
34,-3.483547
35,-3.483547
36,-3.483547
37,-3.500325
38,-3.500325
39,-3.500325
40,-3.500325
41,-3.533208
42,-3.533208
43,-3.533208
44,-3.533208
45,-3.533208
46,-3.533208
47,-3.533208
48,-3.533208
49,-3.533208
0,-0.067974
1,-0.096327
2,-1.543515
3,-1.563633
4,-1.563633
5,-1.563633
6,-1.563633
7,-1.563633
8,-1.563633
9,-1.563633
10,-1.563633
11,-1.740143
12,-1.740143
13,-1.740143
14,-1.740143
15,-2.180597
16,-2.180597
17,-2.891866
18,-2.891866
19,-2.891866
20,-2.891866
21,-2.891866
22,-2.891866
23,-2.891866
24,-2.891866
25,-2.891866
26,-2.891866
27,-2.99541
28,-2.99541
29,-2.99541
30,-3.762467
31,-3.762467
32,-3.762467
33,-3.762467
34,-3.762467
35,-3.762467
36,-3.762467
37,-3.762467
38,-3.762467
39,-3.762467
40,-3.762467
41,-3.762467
42,-3.762467
43,-3.762467
44,-3.762467
45,-3.762467
46,-3.762467
47,-3.762467
48,-3.762467
49,-3.762467
0,-0.067974
1,-0.067974
2,-0.56482
3,-0.56482
4,-0.56482
5,-0.56482
6,-0.56482
7,-1.063438
8,-1.063438
9,-1.3224
10,-1.3224
11,-2.501505
12,-2.501505
13,-2.501505
14,-2.501505
15,-2.501505
16,-2.501505
17,-2.501505
18,-2.501505
19,-2.501505
20,-2.501505
21,-3.055024
22,-3.055024
23,-3.055024
24,-3.055024
25,-3.055024
26,-3.055024
27,-3.055024
28,-3.055024
29,-3.055024
30,-3.055024
31,-3.055024
32,-3.055024
33,-3.055024
34,-3.055024
35,-3.055024
36,-3.055024
37,-3.055024
38,-3.055024
39,-3.070249
40,-3.070249
41,-3.31754
42,-3.31754
43,-3.31754
44,-3.31754
45,-3.31754
46,-3.31754
47,-3.333767
48,-3.333767
49,-3.333767
0,-0.067974
1,-3.655899
2,-3.655899
3,-3.655899
4,-3.655899
5,-3.655899
6,-3.655899
7,-3.655899
8,-3.655899
9,-3.655899
10,-3.655899
11,-3.655899
12,-3.655899
13,-3.655899
14,-3.655899
15,-3.655899
16,-3.655899
17,-3.655899
18,-3.655899
19,-3.655899
20,-3.655899
21,-3.655899
22,-3.655899
23,-3.655899
24,-3.655899
25,-3.655899
26,-3.655899
27,-3.655899
28,-3.655899
29,-3.655899
30,-3.655899
31,-3.655899
32,-3.655899
33,-3.776802
34,-3.776802
35,-3.776802
36,-3.776802
37,-3.776802
38,-3.776802
39,-3.849686
40,-3.849686
41,-3.849686
42,-3.849686
43,-3.849686
44,-3.849686
45,-3.849686
46,-3.849686
47,-3.849686
48,-3.849686
49,-3.849686
0,-0.067974
1,-1.94175
2,-1.94175
3,-1.94175
4,-1.94175
5,-2.743784
6,-2.743784
7,-2.743784
8,-2.743784
9,-2.743784
10,-2.743784
11,-2.743784
12,-2.743784
13,-3.827324
14,-3.827324
15,-3.827324
16,-3.827324
17,-3.827324
18,-3.827324
19,-3.827324
20,-3.827324
21,-3.827324
22,-3.827324
23,-3.827324
24,-3.827324
25,-3.827324
26,-3.827324
27,-3.827324
28,-3.827324
29,-3.827324
30,-3.827324
31,-3.827324
32,-3.827324
33,-3.827324
34,-3.827324
35,-3.827324
36,-3.827324
37,-3.827324
38,-3.827324
39,-3.827324
40,-3.827324
41,-3.827324
42,-3.827324
43,-3.827324
44,-3.827324
45,-3.827324
46,-3.827324
47,-3.827324
48,-3.827324
49,-3.827324
0,-0.067974
1,-0.290977
2,-3.356524
3,-3.356524
4,-3.356524
5,-3.356524
6,-3.356524
7,-3.356524
8,-3.356524
9,-3.356524
10,-3.356524
11,-3.356524
12,-3.356524
13,-3.356524
14,-3.356524
15,-3.356524
16,-3.356524
17,-3.356524
18,-3.356524
19,-3.356524
20,-3.356524
21,-3.356524
22,-3.356524
23,-3.356524
24,-3.356524
25,-3.356524
26,-3.356524
27,-3.356524
28,-3.356524
29,-3.603601
30,-3.603601
31,-3.603601
32,-3.603601
33,-3.603601
34,-3.603601
35,-3.603601
36,-3.603601
37,-3.603601
38,-3.603601
39,-3.603601
40,-3.603601
41,-3.603601
42,-3.603601
43,-3.603601
44,-3.603601
45,-3.603601
46,-3.603601
47,-3.603601
48,-3.603601
49,-3.603601
0,-0.067974
1,-0.476841
2,-0.476841
3,-1.069662
4,-1.069662
5,-1.069662
6,-1.069662
7,-2.12296
8,-2.12296
9,-2.12296
10,-2.12296
11,-2.12296
12,-2.572161
13,-2.572161
14,-3.060849
15,-3.060849
16,-3.060849
17,-3.343903
18,-3.343903
19,-3.37258
20,-3.37258
21,-3.37258
22,-3.37258
23,-3.37258
24,-3.37258
25,-3.37258
26,-3.37258
27,-3.37258
28,-3.37258
29,-3.37258
30,-3.37258
31,-3.37258
32,-3.37258
33,-3.37258
34,-3.37258
35,-3.37258
36,-3.37258
37,-3.707484
38,-3.707484
39,-3.707484
40,-3.707484
41,-3.707484
42,-3.707484
43,-3.707484
44,-3.707484
45,-3.707484
46,-3.707484
47,-3.764031
48,-3.764031
49,-3.764031
0,-0.067974
1,-0.5749
2,-0.5749
3,-0.5749
4,-0.5749
5,-0.5749
6,-3.737338
7,-3.737338
8,-3.737338
9,-3.737338
10,-3.737338
11,-3.737338
12,-3.737338
13,-3.737338
14,-3.737338
15,-3.737338
16,-3.737338
17,-3.737338
18,-3.737338
19,-3.737338
20,-3.737338
21,-3.737338
22,-3.737338
23,-3.737338
24,-3.737338
25,-3.814115
26,-3.814115
27,-3.814115
28,-3.814115
29,-3.814115
30,-3.814115
31,-3.814115
32,-3.814115
33,-3.814115
34,-3.814115
35,-3.814115
36,-3.814115
37,-3.814115
38,-3.814115
39,-3.814115
40,-3.814115
41,-3.814115
42,-3.814115
43,-3.814115
44,-3.814115
45,-3.814115
46,-3.814115
47,-3.814115
48,-3.814115
49,-3.814115
0,-0.067974
1,-0.642087
2,-1.245391
3,-1.245391
4,-1.245391
5,-1.245391
6,-1.245391
7,-1.245391
8,-1.558813
9,-2.908263
10,-2.908263
11,-2.908263
12,-2.908263
13,-3.487116
14,-3.487116
15,-3.487116
16,-3.487116
17,-3.487116
18,-3.487116
19,-3.487116
20,-3.487116
21,-3.487116
22,-3.487116
23,-3.487116
24,-3.487116
25,-3.487116
26,-3.487116
27,-3.487116
28,-3.487116
29,-3.555733
30,-3.555733
31,-3.555733
32,-3.555733
33,-3.555733
34,-3.555733
35,-3.555733
36,-3.555733
37,-3.555733
38,-3.555733
39,-3.579226
40,-3.579226
41,-3.833403
42,-3.833403
43,-3.833403
44,-3.833403
45,-3.833403
46,-3.833403
47,-3.850609
48,-3.850609
49,-3.850609
0,-0.067974
1,-0.570079
2,-2.269965
3,-2.269965
4,-2.269965
5,-2.269965
6,-2.269965
7,-2.269965
8,-2.269965
9,-3.258766
10,-3.258766
11,-3.258766
12,-3.258766
13,-3.323964
14,-3.323964
15,-3.323964
16,-3.323964
17,-3.323964
18,-3.663844
19,-3.663844
20,-3.663844
21,-3.663844
22,-3.663844
23,-3.663844
24,-3.663844
25,-3.774486
26,-3.774486
27,-3.774486
28,-3.774486
29,-3.774486
30,-3.774486
31,-3.774486
32,-3.774486
33,-3.774486
34,-3.774486
35,-3.774486
36,-3.774486
37,-3.774486
38,-3.774486
39,-3.774486
40,-3.774486
41,-3.774486
42,-3.774486
43,-3.774486
44,-3.774486
45,-3.774486
46,-3.774486
47,-3.774486
48,-3.774486
49,-3.774486
0,-0.067974
1,-1.279886
2,-3.51519
3,-3.51519
4,-3.51519
5,-3.51519
6,-3.51519
7,-3.51519
8,-3.51519
9,-3.51519
10,-3.51519
11,-3.615649
12,-3.615649
13,-3.615649
14,-3.615649
15,-3.615649
16,-3.615649
17,-3.615649
18,-3.615649
19,-3.615649
20,-3.615649
21,-3.615649
22,-3.615649
23,-3.615649
24,-3.692295
25,-3.692295
26,-3.692295
27,-3.692295
28,-3.692295
29,-3.692295
30,-3.692295
31,-3.692295
32,-3.692295
33,-3.692295
34,-3.692295
35,-3.692295
36,-3.692295
37,-3.692295
38,-3.692295
39,-3.692295
40,-3.692295
41,-3.692295
42,-3.692295
43,-3.692295
44,-3.692295
45,-3.692295
46,-3.692295
47,-3.692295
48,-3.692295
49,-3.692295
0,-0.067974
1,-3.359731
2,-3.359731
3,-3.359731
4,-3.359731
5,-3.359731
6,-3.402298
7,-3.402298
8,-3.402298
9,-3.402298
10,-3.402298
11,-3.402298
12,-3.402298
13,-3.402298
14,-3.402298
15,-3.402298
16,-3.402298
17,-3.402298
18,-3.402298
19,-3.494431
20,-3.494431
21,-3.838015
22,-3.838015
23,-3.838015
24,-3.838015
25,-3.838015
26,-3.838015
27,-3.838015
28,-3.838015
29,-3.838015
30,-3.838015
31,-3.838015
32,-3.838015
33,-3.838015
34,-3.838015
35,-3.838015
36,-3.838015
37,-3.838015
38,-3.838015
39,-3.838015
40,-3.838015
41,-3.838015
42,-3.838015
43,-3.838015
44,-3.838015
45,-3.838015
46,-3.838015
47,-3.838015
48,-3.838015
49,-3.838015
0,-0.067974
1,-0.08647
2,-0.644366
3,-0.644366
4,-2.997688
5,-2.997688
6,-2.997688
7,-2.997688
8,-2.997688
9,-2.997688
10,-2.997688
11,-2.997688
12,-2.997688
13,-2.997688
14,-2.997688
15,-2.997688
16,-2.997688
17,-2.997688
18,-2.997688
19,-2.997688
20,-2.997688
21,-3.474989
22,-3.474989
23,-3.474989
24,-3.474989
25,-3.474989
26,-3.474989
27,-3.474989
28,-3.474989
29,-3.474989
30,-3.474989
31,-3.474989
32,-3.474989
33,-3.474989
34,-3.474989
35,-3.474989
36,-3.474989
37,-3.474989
38,-3.474989
39,-3.474989
40,-3.474989
41,-3.494329
42,-3.494329
43,-3.494329
44,-3.494329
45,-3.494329
46,-3.494329
47,-3.549101
48,-3.549101
49,-3.549101
0,-0.067974
1,-1.628784
2,-1.628784
3,-1.628784
4,-2.381628
5,-2.381628
6,-2.381628
7,-2.381628
8,-2.381628
9,-2.381628
10,-2.381628
11,-2.381628
12,-2.381628
13,-3.185265
14,-3.185265
15,-3.701217
16,-3.701217
17,-3.701217
18,-3.701217
19,-3.701217
20,-3.701217
21,-3.701217
22,-3.701217
23,-3.701217
24,-3.701217
25,-3.701217
26,-3.701217
27,-3.701217
28,-3.701217
29,-3.701217
30,-3.706854
31,-3.775539
32,-3.775539
33,-3.816886
34,-3.816886
35,-3.816886
36,-3.816886
37,-3.816886
38,-3.816886
39,-3.816886
40,-3.816886
41,-3.816886
42,-3.816886
43,-3.816886
44,-3.816886
45,-3.816886
46,-3.816886
47,-3.816886
48,-3.816886
49,-3.816886
0,-0.067974
1,-1.864739
2,-1.864739
3,-1.864739
4,-2.418136
5,-2.418136
6,-2.418136
7,-2.418136
8,-2.418136
9,-2.418136
10,-2.872255
11,-2.872255
12,-2.872255
13,-2.872255
14,-2.872255
15,-2.872255
16,-2.872255
17,-2.872255
18,-2.872255
19,-2.872255
20,-2.872255
21,-3.71791
22,-3.71791
23,-3.71791
24,-3.71791
25,-3.71791
26,-3.71791
27,-3.71791
28,-3.71791
29,-3.71791
30,-3.71791
31,-3.71791
32,-3.71791
33,-3.71791
34,-3.71791
35,-3.724837
36,-3.724837
37,-3.724837
38,-3.724837
39,-3.724837
40,-3.724837
41,-3.724837
42,-3.724837
43,-3.724837
44,-3.724837
45,-3.724837
46,-3.724837
47,-3.724837
48,-3.724837
49,-3.724837
0,-0.067974
1,-0.099902
2,-3.280267
3,-3.280267
4,-3.280267
5,-3.280267
6,-3.280267
7,-3.280267
8,-3.280267
9,-3.280267
10,-3.280267
11,-3.571317
12,-3.571317
13,-3.571317
14,-3.571317
15,-3.571317
16,-3.571317
17,-3.571317
18,-3.571317
19,-3.571317
20,-3.571317
21,-3.571317
22,-3.571317
23,-3.571317
24,-3.571317
25,-3.571317
26,-3.571317
27,-3.571317
28,-3.571317
29,-3.571317
30,-3.571317
31,-3.571317
32,-3.571317
33,-3.571317
34,-3.730493
35,-3.730493
36,-3.730493
37,-3.730493
38,-3.730493
39,-3.730493
40,-3.730493
41,-3.730493
42,-3.730493
43,-3.730493
44,-3.730493
45,-3.730493
46,-3.730493
47,-3.730493
48,-3.730493
49,-3.730493
0,-0.067974
1,-0.568072
2,-0.568072
3,-0.568072
4,-2.131725
5,-2.131725
6,-2.131725
7,-2.131725
8,-2.131725
9,-2.131725
10,-2.731937
11,-2.731937
12,-2.731937
13,-3.259623
14,-3.259623
15,-3.259623
16,-3.259623
17,-3.259623
18,-3.259623
19,-3.259623
20,-3.259623
21,-3.259623
22,-3.259623
23,-3.259623
24,-3.259623
25,-3.259623
26,-3.259623
27,-3.259623
28,-3.259623
29,-3.259623
30,-3.259623
31,-3.259623
32,-3.259623
33,-3.259623
34,-3.259623
35,-3.259623
36,-3.259623
37,-3.259623
38,-3.259623
39,-3.259623
40,-3.259623
41,-3.259623
42,-3.259623
43,-3.42439
44,-3.42439
45,-3.42439
46,-3.42439
47,-3.42439
48,-3.42439
49,-3.42439
0,-0.067974
1,-0.487753
2,-3.167713
3,-3.167713
4,-3.167713
5,-3.167713
6,-3.167713
7,-3.744526
8,-3.744526
9,-3.744526
10,-3.744526
11,-3.744526
12,-3.744526
13,-3.744526
14,-3.744526
15,-3.744526
16,-3.744526
17,-3.744526
18,-3.744526
19,-3.744526
20,-3.744526
21,-3.744526
22,-3.744526
23,-3.744526
24,-3.744526
25,-3.744526
26,-3.744526
27,-3.744526
28,-3.744526
29,-3.744526
30,-3.744526
31,-3.744526
32,-3.744526
33,-3.744526
34,-3.744526
35,-3.744526
36,-3.744526
37,-3.744526
38,-3.744526
39,-3.744526
40,-3.744526
41,-3.744526
42,-3.744526
43,-3.744526
44,-3.744526
45,-3.744526
46,-3.744526
47,-3.744526
48,-3.744526
49,-3.744526
0,-0.067974
1,-2.004222
2,-2.004222
3,-2.004222
4,-2.004222
5,-2.004222
6,-2.004222
7,-2.004222
8,-2.004222
9,-2.004222
10,-2.004222
11,-2.004222
12,-2.004222
13,-2.004222
14,-2.004222
15,-2.004222
16,-2.004222
17,-2.058206
18,-2.058206
19,-2.058206
20,-2.399512
21,-2.653118
22,-2.653118
23,-2.653118
24,-2.653118
25,-3.134399
26,-3.399007
27,-3.399007
28,-3.399007
29,-3.399007
30,-3.399007
31,-3.399007
32,-3.399007
33,-3.399007
34,-3.399007
35,-3.399007
36,-3.399007
37,-3.399007
38,-3.399007
39,-3.399007
40,-3.399007
41,-3.399007
42,-3.399007
43,-3.399007
44,-3.44556
45,-3.44556
46,-3.44556
47,-3.818802
48,-3.818802
49,-3.818802
0,-0.067974
1,-0.124655
2,-0.671846
3,-0.842183
4,-1.342382
5,-1.342382
6,-2.208459
7,-2.379567
8,-2.379567
9,-2.379567
10,-2.584748
11,-2.751714
12,-3.786065
13,-3.786065
14,-3.786065
15,-3.786065
16,-3.786065
17,-3.786065
18,-3.786065
19,-3.786065
20,-3.786065
21,-3.786065
22,-3.786065
23,-3.786065
24,-3.786065
25,-3.786065
26,-3.786065
27,-3.786065
28,-3.786065
29,-3.786065
30,-3.786065
31,-3.786065
32,-3.786065
33,-3.786065
34,-3.786065
35,-3.786065
36,-3.786065
37,-3.786065
38,-3.786065
39,-3.786065
40,-3.786065
41,-3.786065
42,-3.786065
43,-3.786065
44,-3.786065
45,-3.786065
46,-3.786065
47,-3.786065
48,-3.786065
49,-3.786065
0,-0.067974
1,-0.150816
2,-0.763334
3,-0.763334
4,-3.432897
5,-3.432897
6,-3.432897
7,-3.795887
8,-3.795887
9,-3.795887
10,-3.795887
11,-3.795887
12,-3.795887
13,-3.795887
14,-3.795887
15,-3.795887
16,-3.795887
17,-3.795887
18,-3.795887
19,-3.795887
20,-3.795887
21,-3.795887
22,-3.795887
23,-3.795887
24,-3.795887
25,-3.795887
26,-3.795887
27,-3.795887
28,-3.795887
29,-3.795887
30,-3.795887
31,-3.795887
32,-3.795887
33,-3.795887
34,-3.795887
35,-3.795887
36,-3.795887
37,-3.795887
38,-3.795887
39,-3.795887
40,-3.795887
41,-3.795887
42,-3.795887
43,-3.795887
44,-3.795887
45,-3.795887
46,-3.795887
47,-3.795887
48,-3.795887
49,-3.795887
0,-0.067974
1,-0.702967
2,-0.702967
3,-0.702967
4,-1.221722
5,-1.221722
6,-1.221722
7,-2.208647
8,-2.208647
9,-2.208647
10,-2.208647
11,-3.008428
12,-3.008428
13,-3.008428
14,-3.008428
15,-3.008428
16,-3.008428
17,-3.008428
18,-3.008428
19,-3.008428
20,-3.008428
21,-3.008428
22,-3.008428
23,-3.008428
24,-3.008428
25,-3.008428
26,-3.008428
27,-3.008428
28,-3.008428
29,-3.008428
30,-3.008428
31,-3.008428
32,-3.008428
33,-3.008428
34,-3.008428
35,-3.008428
36,-3.008428
37,-3.008428
38,-3.008428
39,-3.008428
40,-3.008428
41,-3.008428
42,-3.008428
43,-3.008428
44,-3.008428
45,-3.008428
46,-3.008428
47,-3.008428
48,-3.008428
49,-3.008428
0,-0.067974
1,-1.756762
2,-3.162991
3,-3.162991
4,-3.162991
5,-3.162991
6,-3.162991
7,-3.162991
8,-3.162991
9,-3.426456
10,-3.426456
11,-3.426456
12,-3.426456
13,-3.426456
14,-3.426456
15,-3.426456
16,-3.426456
17,-3.426456
18,-3.426456
19,-3.649376
20,-3.649376
21,-3.649376
22,-3.649376
23,-3.649376
24,-3.649376
25,-3.649376
26,-3.649376
27,-3.649376
28,-3.649376
29,-3.649376
30,-3.649376
31,-3.649376
32,-3.649376
33,-3.649376
34,-3.649376
35,-3.755672
36,-3.755672
37,-3.809051
38,-3.809051
39,-3.809051
40,-3.809051
41,-3.809051
42,-3.809051
43,-3.809051
44,-3.809051
45,-3.809051
46,-3.809051
47,-3.809051
48,-3.809051
49,-3.809051
0,-0.067974
1,-0.156874
2,-1.594618
3,-1.959496
4,-1.959496
5,-1.959496
6,-1.959496
7,-1.959496
8,-1.959496
9,-3.001025
10,-3.001025
11,-3.788612
12,-3.788612
13,-3.788612
14,-3.788612
15,-3.788612
16,-3.788612
17,-3.788612
18,-3.788612
19,-3.788612
20,-3.788612
21,-3.788612
22,-3.788612
23,-3.788612
24,-3.788612
25,-3.788612
26,-3.788612
27,-3.788612
28,-3.788612
29,-3.788612
30,-3.788612
31,-3.788612
32,-3.788612
33,-3.788612
34,-3.788612
35,-3.801996
36,-3.801996
37,-3.801996
38,-3.801996
39,-3.801996
40,-3.801996
41,-3.801996
42,-3.846366
43,-3.846366
44,-3.846366
45,-3.846366
46,-3.846366
47,-3.846366
48,-3.846366
49,-3.846366
0,-0.067974
1,-0.673117
2,-0.673117
3,-2.755596
4,-2.755596
5,-2.824079
6,-2.824079
7,-3.476467
8,-3.476467
9,-3.476467
10,-3.476467
11,-3.476467
12,-3.476467
13,-3.476467
14,-3.476467
15,-3.62594
16,-3.62594
17,-3.62594
18,-3.62594
19,-3.62594
20,-3.62594
21,-3.62594
22,-3.62594
23,-3.62594
24,-3.62594
25,-3.62594
26,-3.62594
27,-3.62594
28,-3.62594
29,-3.62594
30,-3.62594
31,-3.62594
32,-3.62594
33,-3.62594
34,-3.62594
35,-3.62594
36,-3.62594
37,-3.62594
38,-3.62594
39,-3.62594
40,-3.62594
41,-3.62594
42,-3.62594
43,-3.62594
44,-3.62594
45,-3.62594
46,-3.62594
47,-3.62594
48,-3.62594
49,-3.62594
0,-0.067974
1,-0.384672
2,-0.494274
3,-0.494274
4,-0.494274
5,-1.340618
6,-2.008062
7,-2.008062
8,-2.008062
9,-2.008062
10,-2.008062
11,-2.008062
12,-2.008062
13,-2.008062
14,-2.008062
15,-2.008062
16,-2.008062
17,-2.008062
18,-2.008062
19,-2.008062
20,-2.008062
21,-2.408077
22,-2.408077
23,-2.408077
24,-2.408077
25,-2.960309
26,-2.960309
27,-2.960309
28,-2.960309
29,-2.960309
30,-2.960309
31,-3.480047
32,-3.480047
33,-3.74771
34,-3.74771
35,-3.74771
36,-3.74771
37,-3.74771
38,-3.74771
39,-3.74771
40,-3.74771
41,-3.74771
42,-3.74771
43,-3.74771
44,-3.74771
45,-3.74771
46,-3.74771
47,-3.74771
48,-3.74771
49,-3.74771
0,-0.067974
1,-0.501116
2,-0.501116
3,-0.501116
4,-2.154888
5,-3.57603
6,-3.57603
7,-3.57603
8,-3.57603
9,-3.57603
10,-3.57603
11,-3.57603
12,-3.57603
13,-3.57603
14,-3.57603
15,-3.57603
16,-3.57603
17,-3.57603
18,-3.57603
19,-3.596526
20,-3.596526
21,-3.596526
22,-3.596526
23,-3.596526
24,-3.596526
25,-3.596526
26,-3.596526
27,-3.596526
28,-3.596526
29,-3.596526
30,-3.596526
31,-3.596526
32,-3.596526
33,-3.596526
34,-3.596526
35,-3.596526
36,-3.596526
37,-3.596526
38,-3.596526
39,-3.596526
40,-3.596526
41,-3.596526
42,-3.596526
43,-3.596526
44,-3.717695
45,-3.717695
46,-3.717695
47,-3.717695
48,-3.717695
49,-3.717695
0,-0.067974
1,-2.525094
2,-2.525094
3,-2.525094
4,-2.525094
5,-3.632956
6,-3.632956
7,-3.632956
8,-3.632956
9,-3.632956
10,-3.632956
11,-3.632956
12,-3.632956
13,-3.632956
14,-3.632956
15,-3.632956
16,-3.632956
17,-3.632956
18,-3.632956
19,-3.632956
20,-3.632956
21,-3.632956
22,-3.632956
23,-3.632956
24,-3.632956
25,-3.632956
26,-3.632956
27,-3.632956
28,-3.632956
29,-3.632956
30,-3.632956
31,-3.632956
32,-3.632956
33,-3.632956
34,-3.632956
35,-3.632956
36,-3.632956
37,-3.632956
38,-3.632956
39,-3.632956
40,-3.632956
41,-3.632956
42,-3.632956
43,-3.632956
44,-3.632956
45,-3.632956
46,-3.632956
47,-3.71124
48,-3.71124
49,-3.71124
0,-0.067974
1,-1.125228
2,-1.125228
3,-1.289203
4,-1.289203
5,-1.475224
6,-1.475224
7,-1.475224
8,-1.475224
9,-2.578219
10,-2.578219
11,-2.578219
12,-2.578219
13,-2.578219
14,-2.578219
15,-2.68911
16,-2.68911
17,-2.68911
18,-2.68911
19,-2.68911
20,-2.68911
21,-3.070909
22,-3.070909
23,-3.070909
24,-3.070909
25,-3.070909
26,-3.070909
27,-3.070909
28,-3.070909
29,-3.070909
30,-3.070909
31,-3.070909
32,-3.070909
33,-3.070909
34,-3.070909
35,-3.070909
36,-3.070909
37,-3.070909
38,-3.070909
39,-3.070909
40,-3.070909
41,-3.070909
42,-3.070909
43,-3.070909
44,-3.070909
45,-3.070909
46,-3.070909
47,-3.070909
48,-3.070909
49,-3.070909
0,-0.067974
1,-3.535741
2,-3.535741
3,-3.535741
4,-3.535741
5,-3.535741
6,-3.535741
7,-3.535741
8,-3.535741
9,-3.535741
10,-3.535741
11,-3.535741
12,-3.535741
13,-3.535741
14,-3.535741
15,-3.535741
16,-3.535741
17,-3.535741
18,-3.535741
19,-3.535741
20,-3.535741
21,-3.535741
22,-3.535741
23,-3.535741
24,-3.535741
25,-3.535741
26,-3.535741
27,-3.535741
28,-3.535741
29,-3.535741
30,-3.535741
31,-3.535741
32,-3.535741
33,-3.535741
34,-3.535741
35,-3.535741
36,-3.535741
37,-3.535741
38,-3.535741
39,-3.535741
40,-3.535741
41,-3.535741
42,-3.535741
43,-3.535741
44,-3.535741
45,-3.535741
46,-3.535741
47,-3.535741
48,-3.535741
49,-3.535741
0,-0.067974
1,-0.481316
2,-0.481316
3,-2.845241
4,-2.845241
5,-2.845241
6,-2.845241
7,-2.845241
8,-2.858384
9,-2.858384
10,-2.858384
11,-2.858384
12,-2.858384
13,-3.372347
14,-3.372347
15,-3.372347
16,-3.372347
17,-3.372347
18,-3.372347
19,-3.372347
20,-3.372347
21,-3.372347
22,-3.372347
23,-3.372347
24,-3.372347
25,-3.396926
26,-3.396926
27,-3.396926
28,-3.396926
29,-3.396926
30,-3.396926
31,-3.396926
32,-3.396926
33,-3.714514
34,-3.714514
35,-3.714514
36,-3.714514
37,-3.714514
38,-3.714514
39,-3.714514
40,-3.714514
41,-3.714514
42,-3.714514
43,-3.714514
44,-3.714514
45,-3.714514
46,-3.714514
47,-3.714514
48,-3.714514
49,-3.714514
0,-0.067974
1,-0.20987
2,-0.20987
3,-0.638842
4,-1.490356
5,-1.490356
6,-1.490356
7,-1.490356
8,-1.608577
9,-2.165084
10,-2.60859
11,-2.60859
12,-2.60859
13,-2.60859
14,-2.60859
15,-3.490527
16,-3.490527
17,-3.490527
18,-3.490527
19,-3.490527
20,-3.490527
21,-3.550578
22,-3.550578
23,-3.550578
24,-3.550578
25,-3.550578
26,-3.550578
27,-3.550578
28,-3.550578
29,-3.550578
30,-3.550578
31,-3.550578
32,-3.550578
33,-3.550578
34,-3.550578
35,-3.550578
36,-3.550578
37,-3.550578
38,-3.550578
39,-3.550578
40,-3.550578
41,-3.550578
42,-3.556921
43,-3.556921
44,-3.556921
45,-3.556921
46,-3.556921
47,-3.556921
48,-3.556921
49,-3.556921
0,-0.067974
1,-0.067974
2,-0.848528
3,-0.848528
4,-0.848528
5,-0.848528
6,-2.130748
7,-2.130748
8,-3.204529
9,-3.204529
10,-3.204529
11,-3.204529
12,-3.204529
13,-3.663987
14,-3.663987
15,-3.663987
16,-3.663987
17,-3.663987
18,-3.663987
19,-3.663987
20,-3.663987
21,-3.663987
22,-3.663987
23,-3.663987
24,-3.663987
25,-3.663987
26,-3.663987
27,-3.663987
28,-3.663987
29,-3.663987
30,-3.663987
31,-3.663987
32,-3.663987
33,-3.663987
34,-3.663987
35,-3.663987
36,-3.663987
37,-3.663987
38,-3.663987
39,-3.668092
40,-3.668092
41,-3.668092
42,-3.668092
43,-3.668092
44,-3.668092
45,-3.668092
46,-3.668092
47,-3.833983
48,-3.833983
49,-3.833983
0,-0.067974
1,-1.674084
2,-1.977268
3,-2.667565
4,-2.667565
5,-2.667565
6,-2.667565
7,-2.667565
8,-2.667565
9,-2.667565
10,-2.820572
11,-2.820572
12,-2.820572
13,-2.833491
14,-2.833491
15,-2.833491
16,-2.833491
17,-2.833491
18,-2.833491
19,-2.833491
20,-2.833491
21,-2.833491
22,-2.833491
23,-2.833491
24,-2.833491
25,-2.833491
26,-2.833491
27,-2.833491
28,-2.833491
29,-2.833491
30,-2.833491
31,-2.833491
32,-2.833491
33,-2.833491
34,-2.833491
35,-2.833491
36,-2.989914
37,-2.989914
38,-2.989914
39,-3.619591
40,-3.619591
41,-3.619591
42,-3.619591
43,-3.619591
44,-3.619591
45,-3.619591
46,-3.619591
47,-3.619591
48,-3.619591
49,-3.619591
0,-0.067974
1,-1.039833
2,-2.027447
3,-2.027447
4,-2.027447
5,-2.027447
6,-2.027447
7,-2.027447
8,-2.027447
9,-2.983242
10,-2.983242
11,-2.983242
12,-2.983242
13,-2.983242
14,-2.983242
15,-3.459022
16,-3.459022
17,-3.459022
18,-3.459022
19,-3.459022
20,-3.651927
21,-3.651927
22,-3.651927
23,-3.651927
24,-3.651927
25,-3.651927
26,-3.651927
27,-3.749923
28,-3.749923
29,-3.749923
30,-3.749923
31,-3.749923
32,-3.749923
33,-3.749923
34,-3.749923
35,-3.749923
36,-3.749923
37,-3.749923
38,-3.749923
39,-3.749923
40,-3.749923
41,-3.749923
42,-3.749923
43,-3.749923
44,-3.749923
45,-3.749923
46,-3.749923
47,-3.749923
48,-3.749923
49,-3.749923
0,-0.067974
1,-0.414766
2,-0.414766
3,-2.954759
4,-2.954759
5,-2.954759
6,-2.954759
7,-2.954759
8,-2.954759
9,-2.954759
10,-2.954759
11,-2.954759
12,-3.051391
13,-3.200532
14,-3.200532
15,-3.200532
16,-3.200532
17,-3.200532
18,-3.200532
19,-3.200532
20,-3.200532
21,-3.200532
22,-3.200532
23,-3.200532
24,-3.200532
25,-3.200532
26,-3.200532
27,-3.200532
28,-3.200532
29,-3.200532
30,-3.200532
31,-3.200532
32,-3.200532
33,-3.200532
34,-3.200532
35,-3.200532
36,-3.200532
37,-3.200532
38,-3.200532
39,-3.200532
40,-3.200532
41,-3.262003
42,-3.262003
43,-3.560745
44,-3.560745
45,-3.560745
46,-3.560745
47,-3.560745
48,-3.560745
49,-3.560745
0,-0.067974
1,-2.651802
2,-3.145877
3,-3.145877
4,-3.145877
5,-3.145877
6,-3.145877
7,-3.145877
8,-3.145877
9,-3.145877
10,-3.145877
11,-3.245176
12,-3.245176
13,-3.245176
14,-3.458367
15,-3.458367
16,-3.458367
17,-3.458367
18,-3.458367
19,-3.458367
20,-3.458367
21,-3.458367
22,-3.458367
23,-3.558378
24,-3.558378
25,-3.558378
26,-3.558378
27,-3.558378
28,-3.558378
29,-3.558378
30,-3.558378
31,-3.558378
32,-3.558378
33,-3.69582
34,-3.69582
35,-3.69582
36,-3.69582
37,-3.69582
38,-3.69582
39,-3.69582
40,-3.69582
41,-3.69582
42,-3.69582
43,-3.69582
44,-3.69582
45,-3.69582
46,-3.69582
47,-3.69582
48,-3.69582
49,-3.69582
0,-0.067974
1,-0.856439
2,-0.856439
3,-1.872337
4,-1.872337
5,-1.872337
6,-2.203173
7,-2.203173
8,-2.203173
9,-2.203173
10,-2.203173
11,-2.203173
12,-2.203173
13,-2.66216
14,-2.66216
15,-2.66216
16,-2.66216
17,-2.82829
18,-2.82829
19,-2.82829
20,-2.82829
21,-2.82829
22,-2.82829
23,-2.82829
24,-2.82829
25,-2.82829
26,-2.82829
27,-2.82829
28,-2.82829
29,-3.027504
30,-3.369336
31,-3.369336
32,-3.369336
33,-3.369336
34,-3.369336
35,-3.369336
36,-3.369336
37,-3.369336
38,-3.369336
39,-3.369336
40,-3.369336
41,-3.369336
42,-3.369336
43,-3.369336
44,-3.369336
45,-3.369336
46,-3.369336
47,-3.369336
48,-3.369336
49,-3.369336
0,-0.067974
1,-2.454719
2,-2.454719
3,-3.488763
4,-3.488763
5,-3.488763
6,-3.488763
7,-3.488763
8,-3.488763
9,-3.488763
10,-3.488763
11,-3.488763
12,-3.488763
13,-3.488763
14,-3.488763
15,-3.488763
16,-3.488763
17,-3.488763
18,-3.488763
19,-3.488763
20,-3.488763
21,-3.488763
22,-3.488763
23,-3.488763
24,-3.488763
25,-3.488763
26,-3.488763
27,-3.488763
28,-3.488763
29,-3.488763
30,-3.488763
31,-3.488763
32,-3.488763
33,-3.488763
34,-3.488763
35,-3.488763
36,-3.488763
37,-3.488763
38,-3.488763
39,-3.488763
40,-3.488763
41,-3.488763
42,-3.488763
43,-3.488763
44,-3.488763
45,-3.606893
46,-3.606893
47,-3.606893
48,-3.606893
49,-3.606893
0,-0.067974
1,-0.306654
2,-0.82111
3,-0.82111
4,-0.82111
5,-0.972344
6,-0.972344
7,-0.972344
8,-0.972344
9,-0.972344
10,-0.972344
11,-0.972344
12,-1.960093
13,-1.960093
14,-1.960093
15,-2.737475
16,-2.737475
17,-2.737475
18,-2.737475
19,-3.586207
20,-3.586207
21,-3.586207
22,-3.586207
23,-3.586207
24,-3.586207
25,-3.586207
26,-3.586207
27,-3.586207
28,-3.586207
29,-3.586207
30,-3.586207
31,-3.586207
32,-3.586207
33,-3.586207
34,-3.586207
35,-3.586207
36,-3.586207
37,-3.586207
38,-3.586207
39,-3.586207
40,-3.586207
41,-3.586207
42,-3.586207
43,-3.586207
44,-3.586207
45,-3.586207
46,-3.586207
47,-3.586207
48,-3.586207
49,-3.586207
0,-0.067974
1,-1.255724
2,-2.096531
3,-2.096531
4,-2.096531
5,-2.096531
6,-2.096531
7,-3.177304
8,-3.177304
9,-3.177304
10,-3.177304
11,-3.177304
12,-3.177304
13,-3.202838
14,-3.202838
15,-3.202838
16,-3.202838
17,-3.202838
18,-3.202838
19,-3.202838
20,-3.216449
21,-3.216449
22,-3.216449
23,-3.216449
24,-3.216449
25,-3.499348
26,-3.499348
27,-3.499348
28,-3.499348
29,-3.562198
30,-3.562198
31,-3.562198
32,-3.562198
33,-3.562198
34,-3.590509
35,-3.590509
36,-3.590509
37,-3.634835
38,-3.634835
39,-3.634835
40,-3.634835
41,-3.634835
42,-3.634835
43,-3.634835
44,-3.634835
45,-3.728069
46,-3.728069
47,-3.728069
48,-3.728069
49,-3.728069
0,-0.067974
1,-2.068285
2,-2.068285
3,-2.068285
4,-2.068285
5,-2.361378
6,-2.361378
7,-2.93712
8,-2.93712
9,-2.93712
10,-2.93712
11,-2.93712
12,-2.93712
13,-2.93712
14,-3.008445
15,-3.008445
16,-3.008445
17,-3.008445
18,-3.008445
19,-3.008445
20,-3.008445
21,-3.008445
22,-3.008445
23,-3.008445
24,-3.008445
25,-3.008445
26,-3.008445
27,-3.008445
28,-3.008445
29,-3.008445
30,-3.008445
31,-3.008445
32,-3.008445
33,-3.008445
34,-3.008445
35,-3.008445
36,-3.008445
37,-3.008445
38,-3.008445
39,-3.368002
40,-3.368002
41,-3.368002
42,-3.458901
43,-3.524632
44,-3.524632
45,-3.524632
46,-3.524632
47,-3.524632
48,-3.524632
49,-3.524632
0,-0.067974
1,-0.33153
2,-0.33153
3,-2.173538
4,-2.173538
5,-2.173538
6,-2.173538
7,-3.223565
8,-3.223565
9,-3.223565
10,-3.223565
11,-3.223565
12,-3.223565
13,-3.223565
14,-3.223565
15,-3.223565
16,-3.223565
17,-3.223565
18,-3.223565
19,-3.350378
20,-3.350378
21,-3.350378
22,-3.350378
23,-3.350378
24,-3.350378
25,-3.350378
26,-3.350378
27,-3.350378
28,-3.350378
29,-3.350378
30,-3.350378
31,-3.350378
32,-3.350378
33,-3.350378
34,-3.350378
35,-3.350378
36,-3.350378
37,-3.643877
38,-3.643877
39,-3.643877
40,-3.643877
41,-3.643877
42,-3.643877
43,-3.643877
44,-3.643877
45,-3.643877
46,-3.643877
47,-3.772608
48,-3.772608
49,-3.772608
0,-0.067974
1,-0.215849
2,-0.386862
3,-1.540097
4,-1.540097
5,-2.913188
6,-2.913188
7,-2.913188
8,-2.913188
9,-2.913188
10,-2.913188
11,-2.913188
12,-2.913188
13,-3.12159
14,-3.12159
15,-3.12159
16,-3.12159
17,-3.12159
18,-3.12159
19,-3.12159
20,-3.12159
21,-3.12159
22,-3.12159
23,-3.553049
24,-3.553049
25,-3.553049
26,-3.553049
27,-3.553049
28,-3.553049
29,-3.553049
30,-3.553049
31,-3.553049
32,-3.553049
33,-3.553049
34,-3.553049
35,-3.787318
36,-3.787318
37,-3.787318
38,-3.787318
39,-3.787318
40,-3.787318
41,-3.787318
42,-3.787318
43,-3.791746
44,-3.791746
45,-3.791746
46,-3.791746
47,-3.791746
48,-3.791746
49,-3.791746
0,-0.067974
1,-0.383974
2,-0.383974
3,-0.815801
4,-0.89022
5,-2.185104
6,-2.185104
7,-2.185104
8,-2.185104
9,-2.185104
10,-2.185104
11,-2.272483
12,-2.272483
13,-2.313976
14,-2.313976
15,-2.313976
16,-2.313976
17,-2.313976
18,-2.313976
19,-2.313976
20,-2.313976
21,-2.74838
22,-2.74838
23,-2.74838
24,-2.74838
25,-2.74838
26,-2.74838
27,-2.74838
28,-2.74838
29,-2.74838
30,-3.141992
31,-3.141992
32,-3.141992
33,-3.429997
34,-3.429997
35,-3.429997
36,-3.429997
37,-3.429997
38,-3.429997
39,-3.429997
40,-3.429997
41,-3.539504
42,-3.539504
43,-3.539504
44,-3.539504
45,-3.539504
46,-3.596387
47,-3.596387
48,-3.596387
49,-3.596387
0,-0.067974
1,-0.700925
2,-0.700925
3,-3.420423
4,-3.420423
5,-3.420423
6,-3.420423
7,-3.420423
8,-3.420423
9,-3.420423
10,-3.420423
11,-3.420423
12,-3.420423
13,-3.470548
14,-3.470548
15,-3.470548
16,-3.470548
17,-3.470548
18,-3.470548
19,-3.756458
20,-3.756458
21,-3.756458
22,-3.756458
23,-3.756458
24,-3.756458
25,-3.756458
26,-3.756458
27,-3.756458
28,-3.756458
29,-3.756458
30,-3.756458
31,-3.756458
32,-3.756458
33,-3.756458
34,-3.756458
35,-3.756458
36,-3.780182
37,-3.780182
38,-3.780182
39,-3.780182
40,-3.780182
41,-3.780182
42,-3.780182
43,-3.780182
44,-3.780182
45,-3.780182
46,-3.780182
47,-3.780182
48,-3.780182
49,-3.780182
0,-0.067974
1,-2.255994
2,-2.255994
3,-2.255994
4,-2.255994
5,-2.255994
6,-2.255994
7,-2.255994
8,-2.255994
9,-2.255994
10,-2.255994
11,-2.567819
12,-2.567819
13,-2.567819
14,-2.567819
15,-3.319839
16,-3.319839
17,-3.319839
18,-3.319839
19,-3.319839
20,-3.319839
21,-3.319839
22,-3.319839
23,-3.319839
24,-3.319839
25,-3.319839
26,-3.319839
27,-3.319839
28,-3.319839
29,-3.319839
30,-3.606904
31,-3.606904
32,-3.606904
33,-3.606904
34,-3.606904
35,-3.606904
36,-3.606904
37,-3.606904
38,-3.606904
39,-3.606904
40,-3.606904
41,-3.606904
42,-3.606904
43,-3.606904
44,-3.785846
45,-3.785846
46,-3.785846
47,-3.785846
48,-3.785846
49,-3.785846
0,-0.067974
1,-2.969978
2,-2.969978
3,-2.969978
4,-2.969978
5,-2.969978
6,-2.969978
7,-2.969978
8,-2.969978
9,-2.969978
10,-2.969978
11,-2.969978
12,-2.969978
13,-2.969978
14,-2.969978
15,-2.969978
16,-2.969978
17,-2.969978
18,-2.969978
19,-3.410817
20,-3.410817
21,-3.410817
22,-3.410817
23,-3.410817
24,-3.410817
25,-3.410817
26,-3.410817
27,-3.410817
28,-3.410817
29,-3.410817
30,-3.410817
31,-3.410817
32,-3.410817
33,-3.410817
34,-3.410817
35,-3.410817
36,-3.410817
37,-3.551815
38,-3.551815
39,-3.814653
40,-3.814653
41,-3.814653
42,-3.814653
43,-3.814653
44,-3.814653
45,-3.814653
46,-3.814653
47,-3.814653
48,-3.814653
49,-3.814653
0,-0.067974
1,-3.278643
2,-3.278643
3,-3.278643
4,-3.278643
5,-3.278643
6,-3.278643
7,-3.278643
8,-3.278643
9,-3.278643
10,-3.278643
11,-3.278643
12,-3.278643
13,-3.278643
14,-3.278643
15,-3.278643
16,-3.278643
17,-3.278643
18,-3.278643
19,-3.278643
20,-3.278643
21,-3.278643
22,-3.278643
23,-3.278643
24,-3.278643
25,-3.278643
26,-3.278643
27,-3.278643
28,-3.278643
29,-3.359421
30,-3.359421
31,-3.359421
32,-3.359421
33,-3.359421
34,-3.359421
35,-3.359421
36,-3.359421
37,-3.359421
38,-3.359421
39,-3.359421
40,-3.359421
41,-3.544649
42,-3.544649
43,-3.544649
44,-3.544649
45,-3.544649
46,-3.544649
47,-3.544649
48,-3.544649
49,-3.624773
0,-0.067974
1,-0.067974
2,-1.954188
3,-2.236545
4,-2.236545
5,-2.236545
6,-2.236545
7,-2.236545
8,-2.236545
9,-2.862541
10,-2.862541
11,-2.862541
12,-2.862541
13,-2.862541
14,-2.862541
15,-2.862541
16,-3.352881
17,-3.352881
18,-3.352881
19,-3.352881
20,-3.352881
21,-3.352881
22,-3.352881
23,-3.352881
24,-3.352881
25,-3.524915
26,-3.524915
27,-3.524915
28,-3.524915
29,-3.524915
30,-3.524915
31,-3.524915
32,-3.524915
33,-3.524915
34,-3.524915
35,-3.524915
36,-3.524915
37,-3.524915
38,-3.524915
39,-3.524915
40,-3.524915
41,-3.524915
42,-3.524915
43,-3.524915
44,-3.524915
45,-3.524915
46,-3.524915
47,-3.524915
48,-3.524915
49,-3.524915
0,-0.067974
1,-0.10182
2,-0.971509
3,-0.971509
4,-3.105365
5,-3.105365
6,-3.105365
7,-3.105365
8,-3.105365
9,-3.413982
10,-3.413982
11,-3.413982
12,-3.413982
13,-3.413982
14,-3.413982
15,-3.413982
16,-3.413982
17,-3.413982
18,-3.413982
19,-3.469018
20,-3.469018
21,-3.469018
22,-3.469018
23,-3.469018
24,-3.469018
25,-3.469018
26,-3.469018
27,-3.469018
28,-3.469018
29,-3.469018
30,-3.469018
31,-3.469018
32,-3.469018
33,-3.469018
34,-3.469018
35,-3.469018
36,-3.469018
37,-3.469018
38,-3.469018
39,-3.469018
40,-3.469018
41,-3.469018
42,-3.469018
43,-3.469018
44,-3.469018
45,-3.469018
46,-3.469018
47,-3.469018
48,-3.469018
49,-3.469018
0,-0.067974
1,-0.852879
2,-1.356593
3,-1.356593
4,-1.356593
5,-1.356593
6,-2.999812
7,-2.999812
8,-2.999812
9,-2.999812
10,-2.999812
11,-2.999812
12,-2.999812
13,-2.999812
14,-2.999812
15,-2.999812
16,-2.999812
17,-2.999812
18,-2.999812
19,-3.420947
20,-3.420947
21,-3.420947
22,-3.420947
23,-3.420947
24,-3.420947
25,-3.420947
26,-3.420947
27,-3.420947
28,-3.420947
29,-3.420947
30,-3.420947
31,-3.420947
32,-3.420947
33,-3.420947
34,-3.420947
35,-3.420947
36,-3.420947
37,-3.420947
38,-3.420947
39,-3.420947
40,-3.420947
41,-3.420947
42,-3.420947
43,-3.420947
44,-3.420947
45,-3.420947
46,-3.420947
47,-3.420947
48,-3.420947
49,-3.420947
